Timestamp,CPUUtilization,NetworkIn,NetworkOut
2025-06-28 08:02:00+00:00,2.5802934881947435,298.7,336.3
2025-06-28 08:12:00+00:00,2.5666924054033213,802.2,470.4
2025-06-28 08:22:00+00:00,2.592116052967428,68.4,167.2
2025-06-28 08:32:00+00:00,2.6282358148416116,37.2,73.6
2025-06-28 08:42:00+00:00,2.5969724953156565,848.4,553.0
2025-06-28 08:52:00+00:00,2.61483268754294,35.4,70.0
2025-06-28 09:02:00+00:00,2.6284762058082123,58.2,95.2
2025-06-28 09:12:00+00:00,2.6477908483510424,1019.2,779.5
2025-06-28 09:22:00+00:00,2.6050951834696634,104.8,157.5
2025-06-28 09:32:00+00:00,2.5732025531631697,71.4,145.4
2025-06-28 09:42:00+00:00,2.5901081471330594,817.2,478.0
2025-06-28 09:52:00+00:00,2.5795652438637973,124.9,202.7
2025-06-28 10:02:00+00:00,2.600073649145964,1164.2,834.0
2025-06-28 10:12:00+00:00,2.6283313198719624,69.8,131.8
2025-06-28 10:22:00+00:00,4.268295250739591,85636.0,92213.9
2025-06-28 10:32:00+00:00,2.6585294314965715,808.3,479.6
2025-06-28 10:42:00+00:00,2.6150035166658347,55.2,121.0
2025-06-28 10:52:00+00:00,2.618106195173593,38.6,112.6
2025-06-28 11:02:00+00:00,2.6280891211769792,838.3,568.8
2025-06-28 11:12:00+00:00,2.630012371029781,68.4,156.4
2025-06-28 11:22:00+00:00,2.6165778282167147,53.4,171.2
2025-06-28 11:32:00+00:00,2.608294387877806,861.7,528.0
2025-06-28 11:42:00+00:00,2.633067262723528,37.2,73.6
2025-06-28 11:52:00+00:00,2.6498012820864103,829.4,488.4
2025-06-28 12:02:00+00:00,2.618326875415241,40.8,128.4
2025-06-28 12:12:00+00:00,2.6463740491361833,181.2,431.8
2025-06-28 12:22:00+00:00,2.646813827910082,832.0,542.0
2025-06-28 12:32:00+00:00,2.5887967850016684,37.2,73.6
2025-06-28 12:42:00+00:00,2.586768561826365,61.2,155.8
2025-06-28 12:52:00+00:00,2.623130590710552,799.2,467.2
2025-06-28 13:02:00+00:00,2.6033625693157583,80.4,154.4
2025-06-28 13:12:00+00:00,2.6044116037394454,814.3,481.2
2025-06-28 13:22:00+00:00,2.5986923664306354,66.0,167.2
2025-06-28 13:32:00+00:00,2.6468035723905805,49.2,86.2
2025-06-28 13:42:00+00:00,2.646622034016759,824.4,556.8
2025-06-28 13:52:00+00:00,2.633186988377118,89.4,191.0
2025-06-28 14:02:00+00:00,2.6436007760205853,43.2,137.8
2025-06-28 14:12:00+00:00,2.6385138040105844,820.2,534.0
2025-06-28 14:22:00+00:00,2.62826617634373,108.5,123.7
2025-06-28 14:32:00+00:00,2.628174339472962,58.2,122.8
2025-06-28 14:42:00+00:00,2.5881130073574465,857.4,574.8
2025-06-28 14:52:00+00:00,3.6329287991170274,71.1,237.2
2025-06-28 15:02:00+00:00,2.605021640698257,820.3,493.8
2025-06-28 15:12:00+00:00,2.625168463990998,22.2,59.2
2025-06-28 15:22:00+00:00,2.616477915015349,58.2,95.2
2025-06-28 15:32:00+00:00,2.6249048989808452,832.0,534.6
2025-06-28 15:42:00+00:00,2.6516588458805734,65.4,145.6
2025-06-28 15:52:00+00:00,2.624821599287637,55.2,121.0
2025-06-28 16:02:00+00:00,2.616844163220665,820.9,547.2
2025-06-28 16:12:00+00:00,2.5981819842341816,88.2,141.2
2025-06-28 16:22:00+00:00,2.6351182494286496,377.8,369.9
2025-06-28 16:32:00+00:00,2.609988696836532,830.4,529.6
2025-06-28 16:42:00+00:00,2.653082529428936,125.0,196.6
2025-06-28 16:52:00+00:00,2.661867897874066,801.7,472.2
2025-06-28 17:02:00+00:00,2.606760337879815,58.2,95.2
2025-06-28 17:12:00+00:00,2.6615463842984903,35.4,70.0
2025-06-28 17:22:00+00:00,2.630139940620233,824.5,553.0
2025-06-28 17:32:00+00:00,2.668080523736274,60.8,117.8
2025-06-28 17:42:00+00:00,2.631377864753978,64.2,99.2
2025-06-28 17:52:00+00:00,2.6465650065222186,799.2,484.8
2025-06-28 18:02:00+00:00,2.6550299516312594,505.8,642.7
2025-06-28 18:12:00+00:00,2.643375976443886,842.4,543.6
2025-06-28 18:22:00+00:00,3.0786791758133676,17442.0,20625.7
2025-06-28 18:32:00+00:00,2.6433501881853387,88.6,134.0
2025-06-28 18:42:00+00:00,2.6449943667169737,817.2,490.2
2025-06-28 18:52:00+00:00,2.5951250651554507,37.2,103.0
2025-06-28 19:02:00+00:00,2.63832425487726,64.2,100.6
2025-06-28 19:12:00+00:00,2.6383201521740287,831.2,578.2
2025-06-28 19:22:00+00:00,2.659430773487491,480.2,492.1
2025-06-28 19:32:00+00:00,2.6665205372956686,802.2,481.2
2025-06-28 19:42:00+00:00,2.63364840100325,567.0,371.2
2025-06-28 19:52:00+00:00,2.586647555795023,61.8,126.4
2025-06-28 20:02:00+00:00,2.616536873557628,859.8,553.0
2025-06-28 20:12:00+00:00,2.6116990352308758,76.8,175.0
2025-06-28 20:22:00+00:00,2.6317430730822573,22.2,59.2
2025-06-28 20:32:00+00:00,2.610348393573153,826.8,493.8
2025-06-28 20:42:00+00:00,2.6383181371490374,55.2,91.6
2025-06-28 20:52:00+00:00,2.5949959775950218,98.6,194.6
2025-06-28 21:02:00+00:00,2.62165845531847,811.2,484.8
2025-06-28 21:12:00+00:00,2.590156517978314,55.8,84.4
2025-06-28 21:22:00+00:00,2.5766652107213694,851.7,574.6
2025-06-28 21:32:00+00:00,2.5898636867781435,94.2,151.5
2025-06-28 21:42:00+00:00,2.631930171180697,62.4,121.6
2025-06-28 21:52:00+00:00,2.6217429974989863,823.2,505.0
2025-06-28 22:02:00+00:00,2.5700158571800316,37.2,103.0
2025-06-28 22:12:00+00:00,2.6518757548043084,88.2,239.8
2025-06-28 22:22:00+00:00,2.6364697512368847,784.2,487.2
2025-06-28 22:32:00+00:00,2.6198621789200693,64.2,100.6
2025-06-28 22:42:00+00:00,2.5896618347355584,834.9,549.4
2025-06-28 22:52:00+00:00,2.608329512318284,92.2,205.0
2025-06-28 23:02:00+00:00,2.5698150604801384,55.2,91.6
2025-06-28 23:12:00+00:00,2.5903035843214455,781.2,461.4
2025-06-28 23:22:00+00:00,2.617812952320469,64.2,130.0
2025-06-28 23:32:00+00:00,2.5969310497834,65.4,197.0
2025-06-28 23:42:00+00:00,2.6313938219928388,823.3,495.6
2025-06-28 23:52:00+00:00,2.645132183683626,61.2,97.0
2025-06-29 00:02:00+00:00,2.621655441367638,811.2,507.4
2025-06-29 00:12:00+00:00,2.534658649926995,49.2,86.2
2025-06-29 00:22:00+00:00,2.5816740112598446,78.6,148.8
2025-06-29 00:32:00+00:00,2.601517620052698,808.2,558.2
2025-06-29 00:42:00+00:00,2.5794073805092923,64.2,117.8
2025-06-29 00:52:00+00:00,2.5765891885556855,110.8,160.3
2025-06-29 01:02:00+00:00,2.6284518970142097,811.3,484.8
2025-06-29 01:12:00+00:00,2.6411308072422797,56.4,119.2
2025-06-29 01:22:00+00:00,2.6230480787060695,98.4,200.0
2025-06-29 01:32:00+00:00,2.6466688707054624,802.2,497.6
2025-06-29 01:42:00+00:00,2.6800414772680154,65.6,106.4
2025-06-29 01:52:00+00:00,2.6301527225971997,823.2,525.0
2025-06-29 02:02:00+00:00,2.656688429248705,31.2,68.2
2025-06-29 02:12:00+00:00,2.641434949605896,101.4,272.6
2025-06-29 02:22:00+00:00,2.603476632257717,1096.4,631.9
2025-06-29 02:32:00+00:00,2.9589648798882124,15343.4,19042.8
2025-06-29 02:42:00+00:00,2.6834839449440517,814.2,552.0
2025-06-29 02:52:00+00:00,2.64318982349259,52.2,117.4
2025-06-29 03:02:00+00:00,2.644682255877913,115.8,155.6
2025-06-29 03:12:00+00:00,2.626826298110374,799.2,489.0
2025-06-29 03:22:00+00:00,2.6813107507778535,49.2,86.2
2025-06-29 03:32:00+00:00,2.6319787906386614,46.8,73.6
2025-06-29 03:42:00+00:00,2.6570624018101325,826.2,504.6
2025-06-29 03:52:00+00:00,2.62832754220162,64.2,216.4
2025-06-29 04:02:00+00:00,2.621936480638655,75.8,176.6
2025-06-29 04:12:00+00:00,2.621838848319004,835.2,565.2
2025-06-29 04:22:00+00:00,2.6482691481856575,43.2,108.4
2025-06-29 04:32:00+00:00,2.616662887318125,58.2,95.2
2025-06-29 04:42:00+00:00,2.591417005577386,817.2,507.0
2025-06-29 04:52:00+00:00,2.6469088322075063,83.4,185.6
2025-06-29 05:02:00+00:00,2.630411765757762,55.2,121.0
2025-06-29 05:12:00+00:00,2.605052260735467,793.2,466.8
2025-06-29 05:22:00+00:00,2.6198428191972534,61.2,126.4
2025-06-29 05:32:00+00:00,2.608442501786303,31.2,68.2
2025-06-29 05:42:00+00:00,2.5948738085824425,881.2,614.0
2025-06-29 05:52:00+00:00,2.620001455590846,47.6,82.6
2025-06-29 06:02:00+00:00,2.6469231304844505,1245.0,1082.1
2025-06-29 06:12:00+00:00,2.6416872760114307,68.6,129.0
2025-06-29 06:22:00+00:00,2.6633716090873087,43.2,86.4
2025-06-29 06:32:00+00:00,2.6304984520565404,836.5,538.2
2025-06-29 06:42:00+00:00,2.6281868683993292,52.2,125.4
2025-06-29 06:52:00+00:00,3.5623540917683862,73.0,147.0
2025-06-29 07:02:00+00:00,2.689426424605034,900.1,586.2
2025-06-29 07:12:00+00:00,2.6036716960316406,46.2,112.0
2025-06-29 07:22:00+00:00,2.569826203142425,61.8,97.0
2025-06-29 07:32:00+00:00,2.571798762240841,827.4,526.0
2025-06-29 07:42:00+00:00,2.6133315494003115,100.2,309.4
2025-06-29 07:52:00+00:00,2.6048311408826015,61.2,143.6
2025-06-29 08:02:00+00:00,2.639664920170722,1434.7,958.4
2025-06-29 08:12:00+00:00,2.618305545249481,68.6,170.8
2025-06-29 08:22:00+00:00,2.6416033947072584,113.9,173.9
2025-06-29 08:32:00+00:00,2.621306140163465,865.2,631.6
2025-06-29 08:42:00+00:00,2.625260491231801,37.2,73.6
2025-06-29 08:52:00+00:00,2.6253201861541156,832.2,504.6
2025-06-29 09:02:00+00:00,2.6365124310196775,52.2,82.6
2025-06-29 09:12:00+00:00,2.653150710374169,68.4,134.4
2025-06-29 09:22:00+00:00,2.6215147270226664,799.2,486.8
2025-06-29 09:32:00+00:00,2.6434881845686746,31.2,68.2
2025-06-29 09:42:00+00:00,2.616561868068479,64.2,100.6
2025-06-29 09:52:00+00:00,2.6431956681030315,820.8,513.6
2025-06-29 10:02:00+00:00,2.6536862213211387,419.8,527.1
2025-06-29 10:12:00+00:00,2.63018535675132,83.4,185.6
2025-06-29 10:22:00+00:00,2.6250271458361616,769.3,461.4
2025-06-29 10:32:00+00:00,2.5965329897001426,61.2,126.4
2025-06-29 10:42:00+00:00,2.5714895419613746,787.2,466.8
2025-06-29 10:52:00+00:00,2.6251514945561985,58.2,95.2
2025-06-29 11:02:00+00:00,2.671864809035629,87.0,211.0
2025-06-29 11:12:00+00:00,2.7698476934967617,6752.4,8997.7
2025-06-29 11:22:00+00:00,2.9066788916335082,9991.2,14312.1
2025-06-29 11:32:00+00:00,2.6466366859668775,37.2,73.6
2025-06-29 11:42:00+00:00,2.6716722636483814,833.6,504.6
2025-06-29 11:52:00+00:00,2.6445535421833464,44.4,103.6
2025-06-29 12:02:00+00:00,2.641661771996776,489.0,646.7
2025-06-29 12:12:00+00:00,2.631794219329071,814.2,486.6
2025-06-29 12:22:00+00:00,2.62308085842166,40.2,77.2
2025-06-29 12:32:00+00:00,2.6550977007404617,61.2,91.6
2025-06-29 12:42:00+00:00,2.633509038052408,799.2,477.6
2025-06-29 12:52:00+00:00,2.6335777209538924,99.8,165.2
2025-06-29 13:02:00+00:00,2.6434018972362168,31.2,68.2
2025-06-29 13:12:00+00:00,2.651658923888629,805.2,484.8
2025-06-29 13:22:00+00:00,2.650178497937774,55.2,91.6
2025-06-29 13:32:00+00:00,2.6334746960624633,799.2,472.2
2025-06-29 13:42:00+00:00,2.6264183088036734,368.4,390.9
2025-06-29 13:52:00+00:00,2.5651030036739746,39.8,73.6
2025-06-29 14:02:00+00:00,2.5780913320415575,834.2,504.6
2025-06-29 14:12:00+00:00,2.6299088588220307,59.4,161.8
2025-06-29 14:22:00+00:00,2.6302671112487124,808.2,516.0
2025-06-29 14:32:00+00:00,2.618556075481006,84.6,148.8
2025-06-29 14:42:00+00:00,2.646676194656247,49.2,91.8
2025-06-29 14:52:00+00:00,2.6497273731474484,820.2,528.6
2025-06-29 15:02:00+00:00,2.6366599291679336,34.2,70.0
2025-06-29 15:12:00+00:00,2.6248695565763995,73.0,106.0
2025-06-29 15:22:00+00:00,2.627008706462879,811.2,490.2
2025-06-29 15:32:00+00:00,2.5986175119642327,53.4,127.4
2025-06-29 15:42:00+00:00,2.6434932141542626,836.4,639.0
2025-06-29 15:52:00+00:00,2.621921499922214,43.2,74.0
2025-06-29 16:02:00+00:00,2.6417141386967202,42.0,70.8
2025-06-29 16:12:00+00:00,2.6266389487188393,790.4,423.8
2025-06-29 16:22:00+00:00,2.6000118618067303,76.4,59.4
2025-06-29 16:32:00+00:00,2.6433928674207,39.0,96.6
2025-06-29 16:42:00+00:00,2.6518226038962074,1084.6,660.1
2025-06-29 16:52:00+00:00,2.6367484697386323,39.0,67.2
2025-06-29 17:02:00+00:00,2.6033341776628225,771.0,407.6
2025-06-29 17:12:00+00:00,2.6021869611644908,64.5,116.4
2025-06-29 17:22:00+00:00,2.598334517165906,68.4,55.8
2025-06-29 17:32:00+00:00,2.6618881362436566,788.5,422.0
2025-06-29 17:42:00+00:00,2.6348457526347717,63.0,112.4
2025-06-29 17:52:00+00:00,2.6200133994919765,784.4,429.6
2025-06-29 18:02:00+00:00,2.64485754500055,574.6,849.9
2025-06-29 18:12:00+00:00,2.659999848201251,272.9,273.5
2025-06-29 18:22:00+00:00,2.643494187695229,804.0,434.6
2025-06-29 18:32:00+00:00,2.6363254610696614,39.0,67.2
2025-06-29 18:42:00+00:00,2.628470481128006,28.4,25.2
2025-06-29 18:52:00+00:00,2.6233322053777655,795.0,489.8
2025-06-29 19:02:00+00:00,2.6348544689669966,21.0,43.4
2025-06-29 19:12:00+00:00,2.688469829167225,42.0,76.6
2025-06-29 19:22:00+00:00,2.6749999798251487,786.1,416.6
2025-06-29 19:32:00+00:00,2.671902825497237,30.0,58.2
2025-06-29 19:42:00+00:00,2.652059653316971,857.4,503.6
2025-06-29 19:52:00+00:00,2.6931767698982325,15.0,43.8
2025-06-29 20:02:00+00:00,2.626475402210674,39.0,67.2
2025-06-29 20:12:00+00:00,2.659844096023832,815.8,510.4
2025-06-29 20:22:00+00:00,2.614985040641762,54.0,81.6
2025-06-29 20:32:00+00:00,2.6118449318335575,31.4,67.8
2025-06-29 20:42:00+00:00,2.65982038736994,794.8,427.4
2025-06-29 20:52:00+00:00,2.648680011027739,33.0,61.8
2025-06-29 21:02:00+00:00,2.655182277266252,27.0,54.6
2025-06-29 21:12:00+00:00,2.661492288004026,860.4,477.8
2025-06-29 21:22:00+00:00,2.6616240723146185,61.6,76.9
2025-06-29 21:32:00+00:00,2.6601789497723276,27.0,27.0
2025-06-29 21:42:00+00:00,2.653057757260398,807.0,441.8
2025-06-29 21:52:00+00:00,2.6593955706052332,9.0,9.0
2025-06-29 22:02:00+00:00,2.6403011777303282,57.0,171.6
2025-06-29 22:12:00+00:00,2.626851388084372,809.0,544.0
2025-06-29 22:22:00+00:00,2.6349903715528167,54.0,104.8
2025-06-29 22:32:00+00:00,2.6715046385189596,18.0,18.0
2025-06-29 22:42:00+00:00,2.6399749788385884,786.1,422.0
2025-06-29 22:52:00+00:00,2.753544884985703,3356.4,3504.1
2025-06-29 23:02:00+00:00,5.053676678177378,84912.4,86682.5
2025-06-29 23:12:00+00:00,2.589887197710671,33.6,32.4
2025-06-29 23:22:00+00:00,2.622892898280854,27.6,54.6
2025-06-29 23:32:00+00:00,2.6237497750409844,816.0,440.0
2025-06-29 23:42:00+00:00,2.6083283281743888,45.0,102.0
2025-06-29 23:52:00+00:00,2.594779480802098,21.0,49.2
2025-06-30 00:02:00+00:00,2.5898602352289912,839.0,581.0
2025-06-30 00:12:00+00:00,2.5833306768354887,34.2,99.0
2025-06-30 00:22:00+00:00,2.6085401310588967,786.0,429.2
2025-06-30 00:32:00+00:00,2.6346325196576066,15.0,14.4
2025-06-30 00:42:00+00:00,2.629994967090325,33.0,61.8
2025-06-30 00:52:00+00:00,2.6231884878926435,819.7,502.3
2025-06-30 01:02:00+00:00,2.560409563650629,27.0,31.4
2025-06-30 01:12:00+00:00,2.518332090502093,27.0,27.0
2025-06-30 01:22:00+00:00,2.52336220189466,789.0,471.8
2025-06-30 01:32:00+00:00,2.5854054845339176,54.0,52.2
2025-06-30 01:42:00+00:00,2.628069287979568,798.0,462.2
2025-06-30 01:52:00+00:00,2.6664508254743033,18.0,18.0
2025-06-30 02:02:00+00:00,2.6085338640220654,27.0,27.0
2025-06-30 02:12:00+00:00,2.638337758526874,771.1,407.6
2025-06-30 02:22:00+00:00,2.582012404772924,45.6,72.6
2025-06-30 02:32:00+00:00,2.6536695859419432,65.4,81.6
2025-06-30 02:42:00+00:00,2.6233851672466444,798.0,464.0
2025-06-30 02:52:00+00:00,2.657093672469023,33.0,61.8
2025-06-30 03:02:00+00:00,2.626658865855699,9.0,9.0
2025-06-30 03:12:00+00:00,2.5829576439451123,821.8,554.6
2025-06-30 03:22:00+00:00,2.5249902997423166,15.0,14.4
2025-06-30 03:32:00+00:00,2.6484552818129243,822.6,446.6
2025-06-30 03:42:00+00:00,2.6377251497654193,127.6,201.0
2025-06-30 03:52:00+00:00,2.6532677097095814,30.0,58.2
2025-06-30 04:02:00+00:00,2.6216492104262827,795.0,426.0
2025-06-30 04:12:00+00:00,2.6551468644690877,21.0,19.8
2025-06-30 04:22:00+00:00,2.655186331619993,795.0,431.0
2025-06-30 04:32:00+00:00,2.646693899955198,15.0,43.8
2025-06-30 04:42:00+00:00,2.6166735686777836,48.6,76.2
2025-06-30 04:52:00+00:00,2.638192591324844,801.0,447.2
2025-06-30 05:02:00+00:00,2.5969901135901807,15.0,14.4
2025-06-30 05:12:00+00:00,2.529864115682286,39.6,67.2
2025-06-30 05:22:00+00:00,2.5083487919694973,783.0,453.2
2025-06-30 05:32:00+00:00,2.5616080954511706,33.0,32.8
2025-06-30 05:42:00+00:00,2.5668855362157488,784.4,486.4
2025-06-30 05:52:00+00:00,2.5317117996767697,54.6,46.8
2025-06-30 06:02:00+00:00,2.623247290147636,51.0,166.2
2025-06-30 06:12:00+00:00,2.6216527471274955,814.4,474.0
2025-06-30 06:22:00+00:00,2.6116278512893074,87.0,77.7
2025-06-30 06:32:00+00:00,2.580343554755335,9.0,9.0
2025-06-30 06:42:00+00:00,2.623353069094942,786.6,474.8
2025-06-30 06:52:00+00:00,2.6319192375995413,60.0,80.2
2025-06-30 07:02:00+00:00,2.6018390610964466,787.4,451.0
2025-06-30 07:12:00+00:00,2.641673150138376,33.6,38.2
2025-06-30 07:22:00+00:00,2.6283511497053924,15.0,43.8
2025-06-30 07:32:00+00:00,2.6100106867350426,876.4,655.0
2025-06-30 07:42:00+00:00,2.6115188869218957,28.4,25.2
2025-06-30 07:52:00+00:00,2.606903779400155,36.0,36.0
2025-06-30 08:02:00+00:00,2.614895147837122,802.4,420.2
2025-06-30 08:12:00+00:00,2.611807871399986,9.0,9.0
2025-06-30 08:22:00+00:00,2.5687001285096214,281.8,316.1
2025-06-30 08:32:00+00:00,2.6315586770309283,905.0,543.5
2025-06-30 08:42:00+00:00,2.583315458832989,27.0,27.0
2025-06-30 08:52:00+00:00,2.645131701487233,33.0,61.8
2025-06-30 09:02:00+00:00,2.605019113167862,963.5,585.5
2025-06-30 09:12:00+00:00,2.6665189606394386,275.4,267.3
2025-06-30 09:22:00+00:00,2.6185984523777575,45.6,59.8
2025-06-30 09:32:00+00:00,2.586467339744972,801.1,436.4
2025-06-30 09:42:00+00:00,2.636691191181,228.4,316.6
2025-06-30 09:52:00+00:00,2.6331952755534673,1034.2,630.5
2025-06-30 10:02:00+00:00,2.6301795536288295,18.0,18.0
2025-06-30 10:12:00+00:00,2.630374811119129,42.6,68.4
2025-06-30 10:22:00+00:00,2.6331838116564206,807.1,471.2
2025-06-30 10:32:00+00:00,2.6334870314374883,27.0,54.6
2025-06-30 10:42:00+00:00,2.6865222182805892,271.0,257.3
2025-06-30 10:52:00+00:00,2.649976372606774,789.0,471.4
2025-06-30 11:02:00+00:00,2.6230910089250434,42.6,47.2
2025-06-30 11:12:00+00:00,2.624696264665534,149.0,218.3
2025-06-30 11:22:00+00:00,2.580039143651825,931.2,607.6
2025-06-30 11:32:00+00:00,2.601568838538096,112.2,126.6
2025-06-30 11:42:00+00:00,2.6182000068105507,47.4,70.8
2025-06-30 11:52:00+00:00,2.591680498604256,804.6,440.0
2025-06-30 12:02:00+00:00,2.656691442778534,24.0,52.8
2025-06-30 12:12:00+00:00,2.6267611803502797,826.8,493.4
2025-06-30 12:22:00+00:00,2.6551946029059907,100.9,84.3
2025-06-30 12:32:00+00:00,2.6432136896412963,15.0,43.8
2025-06-30 12:42:00+00:00,2.6532741545252447,807.0,436.4
2025-06-30 12:52:00+00:00,2.6618316787997673,202.8,242.5
2025-06-30 13:02:00+00:00,2.603321772702081,804.0,445.4
2025-06-30 13:12:00+00:00,2.6218337359802817,33.0,61.8
2025-06-30 13:22:00+00:00,2.651792262626176,21.0,78.6
2025-06-30 13:32:00+00:00,2.645608026124879,795.0,431.0
2025-06-30 13:42:00+00:00,2.644839517802386,27.0,49.2
2025-06-30 13:52:00+00:00,2.635189489234384,33.0,32.4
2025-06-30 14:02:00+00:00,2.6414823145619626,792.0,451.4
2025-06-30 14:12:00+00:00,2.6399918310760526,33.0,32.4
2025-06-30 14:22:00+00:00,2.6802350513191784,33.0,61.8
2025-06-30 14:32:00+00:00,2.668470500307276,1114.9,649.5
2025-06-30 14:42:00+00:00,2.614844098120642,39.0,96.6
2025-06-30 14:52:00+00:00,2.6151385931888105,765.0,437.0
2025-06-30 15:02:00+00:00,2.613578224641752,55.2,52.2
2025-06-30 15:12:00+00:00,3.6341363197075482,30.0,28.8
2025-06-30 15:22:00+00:00,2.646648323075849,780.1,416.6
2025-06-30 15:32:00+00:00,2.6416474251402713,27.0,27.0
2025-06-30 15:42:00+00:00,2.6783372795800644,778.2,413.0
2025-06-30 15:52:00+00:00,2.6567173693619353,27.0,27.0
2025-06-30 16:02:00+00:00,2.8946096132367414,14399.8,16625.1
2025-06-30 16:12:00+00:00,4.01406420328952,66221.4,75974.8
2025-06-30 16:22:00+00:00,2.623620977805678,378.0,359.9
2025-06-30 16:32:00+00:00,2.609983221000275,83.0,108.0
2025-06-30 16:42:00+00:00,2.6582907937260236,820.5,506.0
2025-06-30 16:52:00+00:00,2.6565170690919606,9.0,9.0
2025-06-30 17:02:00+00:00,2.6623036713767774,42.0,70.8
2025-06-30 17:12:00+00:00,2.6696816583416583,786.0,451.4
2025-06-30 17:22:00+00:00,3.7980903716419148,57118.0,67037.7
2025-06-30 17:32:00+00:00,3.2879982282652804,32296.2,38003.4
2025-06-30 17:42:00+00:00,2.6251296114847884,771.0,413.0
2025-06-30 17:52:00+00:00,2.5936548815340124,71.4,59.4
2025-06-30 18:02:00+00:00,2.5595416822610844,771.0,442.4
2025-06-30 18:12:00+00:00,2.624883356210276,42.6,41.4
2025-06-30 18:22:00+00:00,2.6282031614683996,45.0,102.0
2025-06-30 18:32:00+00:00,2.6383548183973082,784.4,413.0
2025-06-30 18:42:00+00:00,2.6815019243727427,69.0,78.4
2025-06-30 18:52:00+00:00,2.6250173098297154,82.7,66.4
2025-06-30 19:02:00+00:00,2.6196432075431875,843.2,501.8
2025-06-30 19:12:00+00:00,2.6068001289851837,12.0,69.6
2025-06-30 19:22:00+00:00,2.6551199953715234,792.0,434.6
2025-06-30 19:32:00+00:00,2.636082474748623,40.2,37.8
2025-06-30 19:42:00+00:00,2.637007487665586,48.4,36.7
2025-06-30 19:52:00+00:00,2.659559287694221,789.0,489.8
2025-06-30 20:02:00+00:00,2.682081948364094,21.0,19.8
2025-06-30 20:12:00+00:00,2.6479936959621115,36.0,36.0
2025-06-30 20:22:00+00:00,2.6734639192509286,804.0,526.4
2025-06-30 20:32:00+00:00,2.663577975637584,42.6,68.4
2025-06-30 20:42:00+00:00,2.6820011773076025,33.0,32.4
2025-06-30 20:52:00+00:00,2.6700084541974194,777.6,447.8
2025-06-30 21:02:00+00:00,2.6365369303331896,27.0,27.0
2025-06-30 21:12:00+00:00,2.6050106457368516,21.6,49.2
2025-06-30 21:22:00+00:00,2.6388011295244547,816.0,469.4
2025-06-30 21:32:00+00:00,2.6196034574867646,33.0,32.4
2025-06-30 21:42:00+00:00,2.628596114272529,789.0,447.8
2025-06-30 21:52:00+00:00,2.610024041135252,57.0,136.8
2025-06-30 22:02:00+00:00,2.6049935935972863,27.0,25.2
2025-06-30 22:12:00+00:00,2.6216613209400492,822.0,464.0
2025-06-30 22:22:00+00:00,2.684987318801575,27.0,78.2
2025-06-30 22:32:00+00:00,2.6379038653282243,39.0,73.0
2025-06-30 22:42:00+00:00,2.653346555424368,829.8,463.4
2025-06-30 22:52:00+00:00,2.648519556315983,21.0,49.2
2025-06-30 23:02:00+00:00,2.5302925539786467,783.0,436.4
2025-06-30 23:12:00+00:00,2.5734419279873393,53.4,46.8
2025-06-30 23:22:00+00:00,2.596567018698157,55.4,47.2
2025-06-30 23:32:00+00:00,2.54981374013677,792.0,427.4
2025-06-30 23:42:00+00:00,2.5784793631063123,42.0,69.0
2025-06-30 23:52:00+00:00,2.570261374613684,53.4,48.6
2025-07-01 00:02:00+00:00,2.546830672015056,831.0,568.8
2025-07-01 00:12:00+00:00,2.5249964050435163,203.4,162.0
2025-07-01 00:22:00+00:00,2.5448718215664345,120.6,100.8
2025-07-01 00:32:00+00:00,2.5401669414641073,816.6,474.8
2025-07-01 00:42:00+00:00,2.5546772391969266,47.8,84.2
2025-07-01 00:52:00+00:00,2.5649185785966777,1072.6,752.1
2025-07-01 01:02:00+00:00,2.5766511273946064,63.0,165.0
2025-07-01 01:12:00+00:00,2.568174622677975,33.0,20.2
2025-07-01 01:22:00+00:00,2.5604570848676595,848.2,590.0
2025-07-01 01:32:00+00:00,2.5552504965305407,18.0,18.0
2025-07-01 01:42:00+00:00,2.5748645614668755,24.0,23.4
2025-07-01 01:52:00+00:00,2.566793707226588,789.0,460.4
2025-07-01 02:02:00+00:00,2.5363690476824963,34.4,25.2
2025-07-01 02:12:00+00:00,2.560146607072925,783.1,460.4
2025-07-01 02:22:00+00:00,2.486753961767522,15.0,14.4
2025-07-01 02:32:00+00:00,2.5466654627232144,42.0,70.8
2025-07-01 02:42:00+00:00,2.5817926138977683,1973.4,1736.0
2025-07-01 02:52:00+00:00,2.5082208416781873,24.0,23.4
2025-07-01 03:02:00+00:00,2.533913091790452,39.0,37.8
2025-07-01 03:12:00+00:00,2.5350023639584967,789.0,418.4
2025-07-01 03:22:00+00:00,2.5301858913007678,27.0,27.0
2025-07-01 03:32:00+00:00,2.5168085865154657,71.4,57.6
2025-07-01 03:42:00+00:00,2.528341622994951,816.0,450.8
2025-07-01 03:52:00+00:00,2.5014738875687006,33.0,61.8
2025-07-01 04:02:00+00:00,2.506776976376261,806.6,429.2
2025-07-01 04:12:00+00:00,4.160363493850388,79895.8,92342.3
2025-07-01 04:22:00+00:00,2.5830375795480855,21.0,19.8
2025-07-01 04:32:00+00:00,2.535002316200648,823.4,451.2
2025-07-01 04:42:00+00:00,2.5868582638675157,362.2,315.5
2025-07-01 04:52:00+00:00,2.542803466976635,24.6,57.6
2025-07-01 05:02:00+00:00,2.5203205705830998,801.6,486.8
2025-07-01 05:12:00+00:00,2.5249811622847136,15.0,27.6
2025-07-01 05:22:00+00:00,2.525069429055781,51.0,166.2
2025-07-01 05:32:00+00:00,2.543438024965181,1277.4444444444443,1147.6666666666667
2025-07-01 05:42:00+00:00,2.533418262341164,42.0,41.4
2025-07-01 05:52:00+00:00,2.5132001176943106,24.0,23.4
2025-07-01 06:02:00+00:00,2.5601554678097536,1222.8,982.7
2025-07-01 06:12:00+00:00,2.555142482797231,46.4,69.8
2025-07-01 06:22:00+00:00,2.5533549634730295,850.4,507.9
2025-07-01 06:32:00+00:00,3.8066799998306555,51372.8,63605.7
2025-07-01 06:42:00+00:00,3.1624303923422166,31001.8,38526.5
2025-07-01 06:52:00+00:00,2.565002071704293,810.0,539.0
2025-07-01 07:02:00+00:00,2.5582119210321315,18.0,18.0
2025-07-01 07:12:00+00:00,2.543465965078938,24.0,23.4
2025-07-01 07:22:00+00:00,3.5679384727520698,795.6,431.0
2025-07-01 07:32:00+00:00,2.57500922864813,15.0,43.8
2025-07-01 07:42:00+00:00,2.5571858499354536,73.2,97.8
2025-07-01 07:52:00+00:00,2.5299948679584086,786.0,422.0
2025-07-01 08:02:00+00:00,2.552110153132878,67.0,50.8
2025-07-01 08:12:00+00:00,2.5416900699749285,783.0,420.2
2025-07-01 08:22:00+00:00,2.568272671322489,9.0,9.0
2025-07-01 08:32:00+00:00,2.56653580885755,64.0,54.0
2025-07-01 08:42:00+00:00,2.6133147558612704,1473.2,1052.8
2025-07-01 08:52:00+00:00,2.5317178944650403,86.4,103.2
2025-07-01 09:02:00+00:00,2.5869201269237965,30.0,58.2
2025-07-01 09:12:00+00:00,2.5998856804808335,1212.5,745.8
2025-07-01 09:22:00+00:00,2.583281566475315,300.0,243.3
2025-07-01 09:32:00+00:00,2.553479277954315,9.0,9.0
2025-07-01 09:42:00+00:00,2.5597738205601916,814.4,441.8
2025-07-01 09:52:00+00:00,2.576616062225984,30.0,23.8
2025-07-01 10:02:00+00:00,2.5484809310984637,358.6,378.1
2025-07-01 10:12:00+00:00,2.5537151613710014,795.0,455.0
2025-07-01 10:22:00+00:00,2.548916107609447,21.0,19.8
2025-07-01 10:32:00+00:00,2.551526603878217,807.0,471.2
2025-07-01 10:42:00+00:00,2.568466950301415,15.6,14.4
2025-07-01 10:52:00+00:00,2.616510874151931,50.8,87.8
2025-07-01 11:02:00+00:00,2.5815388784293036,779.8,422.0
2025-07-01 11:12:00+00:00,2.601640272405107,31.4,46.6
2025-07-01 11:22:00+00:00,2.5818123263913635,33.0,44.0
2025-07-01 11:32:00+00:00,2.6082218210555665,810.4,429.9
2025-07-01 11:42:00+00:00,2.624878376543577,33.0,32.4
2025-07-01 11:52:00+00:00,2.6670183559193665,9.0,9.0
2025-07-01 12:02:00+00:00,2.630000352301203,804.0,445.4
2025-07-01 12:12:00+00:00,2.6068272133672443,18.0,18.0
2025-07-01 12:22:00+00:00,2.5964981679677517,781.4,422.0
2025-07-01 12:32:00+00:00,2.634837040866332,39.0,67.2
2025-07-01 12:42:00+00:00,2.5831865403677874,21.0,78.6
2025-07-01 12:52:00+00:00,2.6130792863659655,813.6,447.2
2025-07-01 13:02:00+00:00,2.6215879767885513,45.0,37.8
2025-07-01 13:12:00+00:00,2.6203987451151227,798.0,462.2
2025-07-01 13:22:00+00:00,2.6183379848347768,46.4,102.0
2025-07-01 13:32:00+00:00,2.6217542172741557,87.6,219.2
2025-07-01 13:42:00+00:00,2.6232090639933183,808.0,510.2
2025-07-01 13:52:00+00:00,2.5769568162687455,21.0,14.4
2025-07-01 14:02:00+00:00,2.5900855761767043,67.2,155.4
2025-07-01 14:12:00+00:00,2.634718348440676,806.8,473.8
2025-07-01 14:22:00+00:00,2.6248617797152507,303.0,216.7
2025-07-01 14:32:00+00:00,2.6419075451213354,45.0,67.2
2025-07-01 14:42:00+00:00,2.6203491457594965,770.8,407.6
2025-07-01 14:52:00+00:00,2.669749090715333,51.0,107.4
2025-07-01 15:02:00+00:00,2.6334918017333644,24.2,55.2
2025-07-01 15:12:00+00:00,2.648201174942597,789.0,454.6
2025-07-01 15:22:00+00:00,2.6050095422030513,33.0,67.6
2025-07-01 15:32:00+00:00,2.60970432904612,771.0,442.4
2025-07-01 15:42:00+00:00,2.6034629627563644,53.5,43.2
2025-07-01 15:52:00+00:00,2.603215896072261,28.4,25.2
2025-07-01 16:02:00+00:00,2.6051519095780518,801.0,431.0
2025-07-01 16:12:00+00:00,2.6698761392614463,57.0,38.2
2025-07-01 16:22:00+00:00,2.642940699692594,947.0,502.2
2025-07-01 16:32:00+00:00,2.6389379951617804,46.8,40.2
2025-07-01 16:42:00+00:00,2.6279781876487682,361.4,319.1
2025-07-01 16:52:00+00:00,2.6701430624055464,819.0,465.1
2025-07-01 17:02:00+00:00,2.65332252019371,38.8,63.6
2025-07-01 17:12:00+00:00,2.6217434059443994,33.0,32.4
2025-07-01 17:22:00+00:00,2.6535618646097743,765.0,425.6
2025-07-01 17:32:00+00:00,2.6518810976432117,57.4,43.3
2025-07-01 17:42:00+00:00,2.6361567601836766,72.1,54.4
2025-07-01 17:52:00+00:00,2.636435961007101,796.2,464.0
2025-07-01 18:02:00+00:00,2.6399494972104938,45.0,67.2
2025-07-01 18:12:00+00:00,2.6235765031837994,100.6,197.4
2025-07-01 18:22:00+00:00,2.6123109660949346,800.8,431.0
2025-07-01 18:32:00+00:00,2.6183352243748015,76.0,94.2
2025-07-01 18:42:00+00:00,2.648325388366117,916.2,515.6
2025-07-01 18:52:00+00:00,2.6149852849218505,60.0,54.0
2025-07-01 19:02:00+00:00,2.603507752277322,39.0,60.0
2025-07-01 19:12:00+00:00,2.648441751732998,791.8,434.6
2025-07-01 19:22:00+00:00,2.6384411394461447,56.8,127.4
2025-07-01 19:32:00+00:00,2.641552714944008,136.2,115.5
2025-07-01 19:42:00+00:00,2.655216461095566,806.8,441.8
2025-07-01 19:52:00+00:00,2.6735906340076587,27.0,19.8
2025-07-01 20:02:00+00:00,2.653480349955551,828.8,498.2
2025-07-01 20:12:00+00:00,2.648065242458508,24.0,23.4
2025-07-01 20:22:00+00:00,2.625002718762718,51.0,102.0
2025-07-01 20:32:00+00:00,2.6824587831735927,1827.8,1459.3
2025-07-01 20:42:00+00:00,2.6922643099080124,1107.6,1097.2
2025-07-01 20:52:00+00:00,2.6764453741032073,93.0,117.9
2025-07-01 21:02:00+00:00,2.6477755174789928,795.0,453.2
2025-07-01 21:12:00+00:00,2.678039649198488,33.6,32.4
2025-07-01 21:22:00+00:00,2.6645462972740916,793.4,422.0
2025-07-01 21:32:00+00:00,2.6520565864677463,51.0,166.2
2025-07-01 21:42:00+00:00,2.6183191113978657,45.0,43.2
2025-07-01 21:52:00+00:00,2.671819025301714,771.0,407.6
2025-07-01 22:02:00+00:00,2.6448474564224798,39.0,67.2
2025-07-01 22:12:00+00:00,2.631932937828625,21.0,19.8
2025-07-01 22:22:00+00:00,2.6586089789359795,1129.6,721.9
2025-07-01 22:32:00+00:00,2.7148722136561716,33.0,50.2
2025-07-01 22:42:00+00:00,2.676665382299693,782.8,454.0
2025-07-01 22:52:00+00:00,2.7081783772124783,27.0,27.0
2025-07-01 23:02:00+00:00,2.683003108232218,15.0,43.8
2025-07-01 23:12:00+00:00,2.681632686279584,789.0,425.6
2025-07-01 23:22:00+00:00,2.6763890340602194,24.0,23.4
2025-07-01 23:32:00+00:00,3.7348263635821652,3395.8,2030.5
2025-07-01 23:42:00+00:00,2.6687640477373202,800.8,465.8
2025-07-01 23:52:00+00:00,2.6698531025670533,29.0,25.2
2025-07-02 00:02:00+00:00,2.648378490414461,27.0,27.0
2025-07-02 00:12:00+00:00,2.6551460852574373,778.4,407.6
2025-07-02 00:22:00+00:00,2.6832301818881357,42.0,41.4
2025-07-02 00:32:00+00:00,2.6841223105357295,18.0,18.0
2025-07-02 00:42:00+00:00,2.677038345063644,798.0,526.4
2025-07-02 00:52:00+00:00,2.6568110309341053,57.0,48.6
2025-07-02 01:02:00+00:00,2.659863513553625,97.8,112.8
2025-07-02 01:12:00+00:00,2.649891103823736,795.0,425.6
2025-07-02 01:22:00+00:00,2.6046733309392462,30.0,87.6
2025-07-02 01:32:00+00:00,2.612111837498818,41.0,37.8
2025-07-02 01:42:00+00:00,2.633055767569909,807.6,470.6
2025-07-02 01:52:00+00:00,2.6700574380299775,125.0,381.0
2025-07-02 02:02:00+00:00,2.6600024479236,795.0,431.0
2025-07-02 02:12:00+00:00,2.660008179435425,27.0,54.6
2025-07-02 02:22:00+00:00,2.665201269423305,39.0,37.8
2025-07-02 02:32:00+00:00,2.669732989458514,791.8,422.0
2025-07-02 02:42:00+00:00,2.6617954408636035,33.0,32.4
2025-07-02 02:52:00+00:00,2.629846711307135,238.2,268.9
2025-07-02 03:02:00+00:00,2.616901019116848,782.8,407.6
2025-07-02 03:12:00+00:00,2.6466836288548783,86.6,134.4
2025-07-02 03:22:00+00:00,2.669821983888542,9.0,9.0
2025-07-02 03:32:00+00:00,2.685349376241079,786.6,479.6
2025-07-02 03:42:00+00:00,2.661777822110332,63.0,177.0
2025-07-02 03:52:00+00:00,2.673335840083922,15.0,43.8
2025-07-02 04:02:00+00:00,2.6782848038039377,802.4,436.4
2025-07-02 04:12:00+00:00,2.6816881781105883,16.4,14.4
2025-07-02 04:22:00+00:00,2.6189814450653963,39.0,67.2
2025-07-02 04:32:00+00:00,2.6265156101578953,784.4,453.2
2025-07-02 04:42:00+00:00,2.6070234239499186,36.0,36.0
2025-07-02 04:52:00+00:00,2.6349251387062855,795.0,436.4
2025-07-02 05:02:00+00:00,2.646524913947075,15.6,48.6
2025-07-02 05:12:00+00:00,2.6434663366321467,75.0,187.8
2025-07-02 05:22:00+00:00,2.636956542870416,771.0,402.2
2025-07-02 05:32:00+00:00,2.6299892138072516,33.6,32.4
2025-07-02 05:42:00+00:00,2.6701379437307953,51.6,72.2
2025-07-02 05:52:00+00:00,2.6665179574238187,792.1,462.6
2025-07-02 06:02:00+00:00,2.666574884402788,487.8,582.4
2025-07-02 06:12:00+00:00,2.649838232765456,790.4,452.4
2025-07-02 06:22:00+00:00,2.598479446113917,27.0,27.0
2025-07-02 06:32:00+00:00,2.619810565411929,27.6,54.6
2025-07-02 06:42:00+00:00,2.6531399951589503,815.8,440.0
2025-07-02 06:52:00+00:00,2.614791220997014,45.0,96.2
2025-07-02 07:02:00+00:00,2.6382337687585036,9.0,14.8
2025-07-02 07:12:00+00:00,2.6032167074873067,818.8,564.8
2025-07-02 07:22:00+00:00,2.6084666144118684,744.4,331.4
2025-07-02 07:32:00+00:00,2.5617797438124636,45.0,37.8
2025-07-02 07:42:00+00:00,2.5614370869293572,774.0,416.6
2025-07-02 07:52:00+00:00,2.6369109159069852,76.0,59.4
2025-07-02 08:02:00+00:00,2.606668203451482,783.0,426.0
2025-07-02 08:12:00+00:00,2.608560792343885,15.0,14.4
2025-07-02 08:22:00+00:00,2.4970732821019013,35.45454545454545,34.36363636363637
2025-07-02 08:32:00+00:00,2.196571384798038,832.3,503.3
2025-07-02 08:42:00+00:00,2.19031559737316,97.0,79.2
2025-07-02 08:52:00+00:00,2.1864542303354404,36.0,36.0
2025-07-02 09:02:00+00:00,2.144368096878897,795.0,460.4
2025-07-02 09:12:00+00:00,2.153882716013406,92.6,81.5
2025-07-02 09:22:00+00:00,2.1610961666391812,115.1,98.7
2025-07-02 09:32:00+00:00,2.151914324369359,798.1,469.4
2025-07-02 09:42:00+00:00,2.2341330787009666,54.0,81.6
2025-07-02 09:52:00+00:00,2.2458937156917975,798.0,440.0
2025-07-02 10:02:00+00:00,2.215807093803592,45.0,96.2
2025-07-02 10:12:00+00:00,2.2323799962630844,36.0,34.6
2025-07-02 10:22:00+00:00,2.2831935739757343,1036.4,626.3
2025-07-02 10:32:00+00:00,2.234884789043319,31.2,28.8
2025-07-02 10:42:00+00:00,2.1969456782891283,175.9,183.2
2025-07-02 10:52:00+00:00,2.216672070025516,822.0,445.8
2025-07-02 11:02:00+00:00,2.2257742606199744,0.0,0.0
2025-07-02 11:12:00+00:00,2.2431934416234136,54.0,76.6
2025-07-02 11:22:00+00:00,2.275410798752141,796.0,521.6
2025-07-02 11:32:00+00:00,2.2416720673560713,33.0,32.4
2025-07-02 11:42:00+00:00,3.832595138922703,80620.8,92725.3
2025-07-02 11:52:00+00:00,2.2325101410815655,40.2,106.2
2025-07-02 12:02:00+00:00,2.2556050774542564,42.0,41.4
2025-07-02 12:12:00+00:00,2.246546260575756,774.0,433.4
2025-07-02 12:22:00+00:00,2.216832257565918,42.0,41.4
2025-07-02 12:32:00+00:00,2.2601036248528543,21.0,49.2
2025-07-02 12:42:00+00:00,2.2951451705071015,803.8,447.2
2025-07-02 12:52:00+00:00,2.263376435883259,69.0,177.0
2025-07-02 13:02:00+00:00,2.2447574093914797,771.0,407.6
2025-07-02 13:12:00+00:00,2.234974921743646,50.0,81.0
2025-07-02 13:22:00+00:00,2.254994339269322,30.0,127.2
2025-07-02 13:32:00+00:00,2.2500108228218036,1066.2,666.9
2025-07-02 13:42:00+00:00,2.256561941077082,15.0,14.4
2025-07-02 13:52:00+00:00,2.223627174464202,33.0,32.4
2025-07-02 14:02:00+00:00,2.2400326546679166,797.8,469.8
2025-07-02 14:12:00+00:00,2.2117886233235766,0.0,0.0
2025-07-02 14:22:00+00:00,2.2433529178955944,42.0,70.8
2025-07-02 14:32:00+00:00,2.233226963069961,783.0,442.4
2025-07-02 14:42:00+00:00,2.2716405927233696,332.6,237.7
2025-07-02 14:52:00+00:00,2.2333195478218792,40.4,37.8
2025-07-02 15:02:00+00:00,2.2616043504406216,804.5,453.2
2025-07-02 15:12:00+00:00,2.3915623172366622,10894.2,10702.3
2025-07-02 15:22:00+00:00,2.263127081076379,762.0,393.2
2025-07-02 15:32:00+00:00,2.276786704430679,54.0,81.6
2025-07-02 15:42:00+00:00,3.267893063684923,27.6,84.0
2025-07-02 15:52:00+00:00,2.253627354801418,777.0,431.0
2025-07-02 16:02:00+00:00,2.246671573724749,36.0,36.0
2025-07-02 16:12:00+00:00,2.2334433425394535,54.8,141.2
2025-07-02 16:22:00+00:00,2.262462052707308,835.8,580.0
2025-07-02 16:32:00+00:00,2.239069982475977,35.6,56.4
2025-07-02 16:42:00+00:00,2.2661253666281453,798.0,434.6
2025-07-02 16:52:00+00:00,2.215573973877673,29.5,49.2
2025-07-02 17:02:00+00:00,2.211556782663378,39.0,96.6
2025-07-02 17:12:00+00:00,2.2251069853308882,836.5,450.8
2025-07-02 17:22:00+00:00,2.2350421741432847,12.6,45.0
2025-07-02 17:32:00+00:00,2.2582867041844534,62.8,128.0
2025-07-02 17:42:00+00:00,2.2616825903849582,789.0,447.8
2025-07-02 17:52:00+00:00,2.2632226801959248,27.0,27.0
2025-07-02 18:02:00+00:00,2.2551165526477046,135.0,302.0
2025-07-02 18:12:00+00:00,2.2481526358726796,794.8,413.0
2025-07-02 18:22:00+00:00,2.273773041823829,75.6,143.6
2025-07-02 18:32:00+00:00,2.235034434067411,6.0,23.2
2025-07-02 18:42:00+00:00,2.275286299098319,792.4,520.6
2025-07-02 18:52:00+00:00,2.2716861858854376,1484.2,1695.0
2025-07-02 19:02:00+00:00,2.2312900962524647,27.0,27.0
2025-07-02 19:12:00+00:00,2.2601235708628264,816.0,469.4
2025-07-02 19:22:00+00:00,2.2331696785353006,20.8,57.2
2025-07-02 19:32:00+00:00,2.23185538485509,804.6,440.0
2025-07-02 19:42:00+00:00,2.2770037073733604,40.4,30.6
2025-07-02 19:52:00+00:00,2.238116469394492,27.0,27.0
2025-07-02 20:02:00+00:00,2.24001980477115,816.6,473.0
2025-07-02 20:12:00+00:00,2.238106406266393,18.0,18.0
2025-07-02 20:22:00+00:00,2.238486048275724,64.3,57.6
2025-07-02 20:32:00+00:00,2.2232484561444013,779.8,438.8
2025-07-02 20:42:00+00:00,2.233423116943601,54.0,99.4
2025-07-02 20:52:00+00:00,2.235326176248548,21.0,90.2
2025-07-02 21:02:00+00:00,2.2651825682193145,789.0,425.6
2025-07-02 21:12:00+00:00,2.2383352349190178,42.0,41.4
2025-07-02 21:22:00+00:00,2.237727558779211,761.8,393.2
2025-07-02 21:32:00+00:00,2.2154966824746496,48.0,105.6
2025-07-02 21:42:00+00:00,2.261594284419167,30.0,85.8
2025-07-02 21:52:00+00:00,2.259731675822988,821.8,515.0
2025-07-02 22:02:00+00:00,2.241759345626717,114.0,123.0
2025-07-02 22:12:00+00:00,2.2352254024913347,31.4,58.2
2025-07-02 22:22:00+00:00,2.2399929336771836,793.4,480.2
2025-07-02 22:32:00+00:00,2.275109362286483,38.0,91.2
2025-07-02 22:42:00+00:00,2.271553719236875,42.0,41.4
2025-07-02 22:52:00+00:00,2.2253308816427344,784.2,413.0
2025-07-02 23:02:00+00:00,2.2148739076767807,153.2,229.0
2025-07-02 23:12:00+00:00,2.2267289262196983,828.0,573.8
2025-07-02 23:22:00+00:00,2.2716813510567766,6.0,5.4
2025-07-02 23:32:00+00:00,2.235115964443794,36.0,36.0
2025-07-02 23:42:00+00:00,2.268440128809661,779.8,409.4
2025-07-02 23:52:00+00:00,2.2349299664200792,36.0,36.0
2025-07-03 00:02:00+00:00,2.2011419597894495,48.4,175.4
2025-07-03 00:12:00+00:00,2.198997253075562,809.0,511.4
2025-07-03 00:22:00+00:00,2.2687872097898514,48.0,46.8
2025-07-03 00:32:00+00:00,2.2435309039277747,24.0,109.8
2025-07-03 00:42:00+00:00,2.278922424104064,817.4,445.4
2025-07-03 00:52:00+00:00,2.286763853814901,18.0,45.6
2025-07-03 01:02:00+00:00,2.268661170176447,77.4,86.2
2025-07-03 01:12:00+00:00,2.2571596541001524,791.8,427.0
2025-07-03 01:22:00+00:00,2.259882728999423,24.0,23.4
2025-07-03 01:32:00+00:00,2.255117785446113,956.6,581.6
2025-07-03 01:42:00+00:00,2.2865575625655197,314.9,372.5
2025-07-03 01:52:00+00:00,2.275205787968411,87.8,73.8
2025-07-03 02:02:00+00:00,2.2933532023265863,765.0,446.6
2025-07-03 02:12:00+00:00,2.24648019930106,45.0,49.8
2025-07-03 02:22:00+00:00,2.2386790817860613,67.4,135.8
2025-07-03 02:32:00+00:00,2.2482761670402454,847.8,624.8
2025-07-03 02:42:00+00:00,2.263344026154706,66.0,210.0
2025-07-03 02:52:00+00:00,2.293245793144767,762.0,397.4
2025-07-03 03:02:00+00:00,2.229963089825019,69.4,91.6
2025-07-03 03:12:00+00:00,2.235002082597778,473.6,458.2
2025-07-03 03:22:00+00:00,2.2549478682063544,795.0,447.6
2025-07-03 03:32:00+00:00,2.288873568843449,72.0,197.6
2025-07-03 03:42:00+00:00,2.3225287920223296,6.0,5.4
2025-07-03 03:52:00+00:00,2.308552436507181,810.0,433.8
2025-07-03 04:02:00+00:00,2.3017660450389705,328.6,261.1
2025-07-03 04:12:00+00:00,2.3138486517104098,765.1,419.0
2025-07-03 04:22:00+00:00,2.28762324389051,24.6,57.6
2025-07-03 04:32:00+00:00,2.311764065599965,30.0,28.8
2025-07-03 04:42:00+00:00,2.3090826531112976,804.0,438.8
2025-07-03 04:52:00+00:00,2.2904783155135187,0.0,0.0
2025-07-03 05:02:00+00:00,2.2484586821250465,48.0,46.8
2025-07-03 05:12:00+00:00,2.3099361059822323,771.0,411.8
2025-07-03 05:22:00+00:00,2.283213671207978,27.0,27.0
2025-07-03 05:32:00+00:00,2.2487427371301236,48.0,46.8
2025-07-03 05:42:00+00:00,2.281912812927037,779.8,408.2
2025-07-03 05:52:00+00:00,2.290653267215056,427.6,595.1
2025-07-03 06:02:00+00:00,2.303111723238162,801.0,533.2
2025-07-03 06:12:00+00:00,2.312275138926835,45.0,78.4
2025-07-03 06:22:00+00:00,2.289292714188927,24.0,52.8
2025-07-03 06:32:00+00:00,2.2549384320712442,821.8,594.8
2025-07-03 06:42:00+00:00,2.2780940512275194,87.0,73.8
2025-07-03 06:52:00+00:00,2.2868227221255006,6.0,34.8
2025-07-03 07:02:00+00:00,2.3031060244861905,792.0,468.2
2025-07-03 07:12:00+00:00,2.301782013472149,21.0,19.8
2025-07-03 07:22:00+00:00,2.302949150845297,315.0,258.1
2025-07-03 07:32:00+00:00,2.2967875283507815,828.0,448.4
2025-07-03 07:42:00+00:00,3.3480550362970525,0.0,0.0
2025-07-03 07:52:00+00:00,2.311669092795357,785.8,467.0
2025-07-03 08:02:00+00:00,2.2816710084669425,6.0,5.4
2025-07-03 08:12:00+00:00,2.304808236098432,78.6,122.0
2025-07-03 08:22:00+00:00,2.289825161601643,791.6,502.6
2025-07-03 08:32:00+00:00,2.3183208018553363,99.6,88.5
2025-07-03 08:42:00+00:00,2.3051166691681937,1224.6,754.7
2025-07-03 08:52:00+00:00,2.314020304838629,0.0,0.0
2025-07-03 09:02:00+00:00,2.259199019604484,42.0,41.4
2025-07-03 09:12:00+00:00,2.2933400962531163,783.0,410.6
2025-07-03 09:22:00+00:00,2.284880137114439,27.0,27.0
2025-07-03 09:32:00+00:00,2.3233200737479294,80.6,203.4
2025-07-03 09:42:00+00:00,2.291659900570416,783.0,410.6
2025-07-03 09:52:00+00:00,2.271660885810957,72.0,244.8
2025-07-03 10:02:00+00:00,2.281674551977453,6.6,39.6
2025-07-03 10:12:00+00:00,2.321823112006718,791.8,432.2
2025-07-03 10:22:00+00:00,2.2916562712049546,15.0,43.8
2025-07-03 10:32:00+00:00,2.3088230633658284,33.0,32.4
2025-07-03 10:42:00+00:00,2.2890821989546737,804.0,432.2
2025-07-03 10:52:00+00:00,2.3239828247094634,256.0,253.7
2025-07-03 11:02:00+00:00,2.3393551640629986,827.8,488.6
2025-07-03 11:12:00+00:00,2.326688552638713,49.2,29.4
2025-07-03 11:22:00+00:00,2.326391854972444,53.333333333333336,84.66666666666667
2025-07-03 11:32:00+00:00,2.283459361685494,765.0,399.8
2025-07-03 11:42:00+00:00,2.266548336510437,45.0,72.6
2025-07-03 11:52:00+00:00,2.28840139270956,54.0,52.2
2025-07-03 12:02:00+00:00,2.2783436362172274,776.0,516.2
2025-07-03 12:12:00+00:00,2.2682906643037937,48.0,76.2
2025-07-03 12:22:00+00:00,2.3116625493781258,18.0,45.6
2025-07-03 12:32:00+00:00,2.2549531269817735,849.2,457.1
2025-07-03 12:42:00+00:00,2.3099986743772325,112.8,215.2
2025-07-03 12:52:00+00:00,2.2899115329585698,15.0,43.8
2025-07-03 13:02:00+00:00,2.257437253622372,810.0,443.0
2025-07-03 13:12:00+00:00,2.280770259888058,6.0,5.4
2025-07-03 13:22:00+00:00,2.2767825547343827,42.0,41.4
2025-07-03 13:32:00+00:00,2.3133237396488067,953.4,629.1
2025-07-03 13:42:00+00:00,2.2916711534956042,39.0,32.8
2025-07-03 13:52:00+00:00,2.320257792879502,809.8,448.4
2025-07-03 14:02:00+00:00,2.2849994069935944,18.0,75.0
2025-07-03 14:12:00+00:00,2.315144673908629,60.0,87.0
2025-07-03 14:22:00+00:00,2.2952713689982254,780.0,407.0
2025-07-03 14:32:00+00:00,2.316713470293132,36.0,36.0
2025-07-03 14:42:00+00:00,2.2855837690993717,15.0,43.8
2025-07-03 14:52:00+00:00,2.2617459782370197,1099.2,639.3
2025-07-03 15:02:00+00:00,2.2816386047871116,60.0,145.8
2025-07-03 15:12:00+00:00,2.3262996142374326,768.6,401.6
2025-07-03 15:22:00+00:00,2.2966662937666924,36.0,36.0
2025-07-03 15:32:00+00:00,2.318444936068351,20.5,10.8
2025-07-03 15:42:00+00:00,2.2967567065792984,810.0,448.4
2025-07-03 15:52:00+00:00,2.2966562914889415,68.8,192.2
2025-07-03 16:02:00+00:00,2.2902373819443276,36.0,51.0
2025-07-03 16:12:00+00:00,2.3334467716391862,798.0,467.0
2025-07-03 16:22:00+00:00,2.2767483555252896,30.0,51.4
2025-07-03 16:32:00+00:00,2.27989088910445,1097.6,705.9
2025-07-03 16:42:00+00:00,2.3020282970105965,54.2,112.2
2025-07-03 16:52:00+00:00,2.3085136029145246,27.0,27.0
2025-07-03 17:02:00+00:00,2.28341663158215,798.0,432.2
2025-07-03 17:12:00+00:00,2.308229434691055,12.0,40.2
2025-07-03 17:22:00+00:00,2.2750034616454204,36.0,36.0
2025-07-03 17:32:00+00:00,2.328343903549855,805.4,522.2
2025-07-03 17:42:00+00:00,2.322923390150886,74.5,133.8
2025-07-03 17:52:00+00:00,2.275846759807469,18.0,35.4
2025-07-03 18:02:00+00:00,2.171761137931856,797.8,449.0
2025-07-03 18:12:00+00:00,2.2415471118002523,56.8,52.2
2025-07-03 18:22:00+00:00,2.2869728003181544,42.0,145.0
2025-07-03 18:32:00+00:00,2.2898649038151455,1123.6,684.7
2025-07-03 18:42:00+00:00,2.2884540075063433,42.8,160.2
2025-07-03 18:52:00+00:00,2.2282845932731705,42.0,41.4
2025-07-03 19:02:00+00:00,2.248725841323748,797.8,437.6
2025-07-03 19:12:00+00:00,2.321784151378947,18.0,16.2
2025-07-03 19:22:00+00:00,2.3119004743426084,839.8,513.0
2025-07-03 19:32:00+00:00,2.3284963406069314,185.6,74.8
2025-07-03 19:42:00+00:00,2.317402552005125,42.0,41.4
2025-07-03 19:52:00+00:00,2.327189116132208,799.4,425.0
2025-07-03 20:02:00+00:00,2.31650060187582,24.6,23.4
2025-07-03 20:12:00+00:00,2.3032449111854563,42.0,41.4
2025-07-03 20:22:00+00:00,2.303347843874058,767.8,396.2
2025-07-03 20:32:00+00:00,2.3132040454038507,48.0,46.8
2025-07-03 20:42:00+00:00,2.3151218259662856,12.0,10.8
2025-07-03 20:52:00+00:00,2.3286995198091476,822.0,512.6
2025-07-03 21:02:00+00:00,2.2840458483983044,33.0,32.4
2025-07-03 21:12:00+00:00,2.29652424459002,9.0,9.0
2025-07-03 21:22:00+00:00,2.2836663005289397,786.4,437.6
2025-07-03 21:32:00+00:00,2.2904386117547575,12.0,10.8
2025-07-03 21:42:00+00:00,2.3132145979519976,61.2,57.6
2025-07-03 21:52:00+00:00,2.3251315483039265,777.0,405.2
2025-07-03 22:02:00+00:00,2.3018141731354467,45.0,72.6
2025-07-03 22:12:00+00:00,2.3050512865496344,42.0,41.4
2025-07-03 22:22:00+00:00,2.2885324073144266,749.8,401.6
2025-07-03 22:32:00+00:00,2.324974613223356,261.0,302.6
2025-07-03 22:42:00+00:00,2.3165137101804447,843.2,577.6
2025-07-03 22:52:00+00:00,2.3000076204166304,48.0,99.8
2025-07-03 23:02:00+00:00,2.2751066173811374,24.0,58.6
2025-07-03 23:12:00+00:00,2.2866664216446004,791.8,449.0
2025-07-03 23:22:00+00:00,2.301526797994361,87.4,103.9
2025-07-03 23:32:00+00:00,2.298311165332526,0.0,0.0
2025-07-03 23:42:00+00:00,2.3004539154311052,815.8,443.0
2025-07-03 23:52:00+00:00,3.364364398055084,2018.9,382.5
2025-07-04 00:02:00+00:00,2.2100950113246647,865.7,513.5
2025-07-04 00:12:00+00:00,2.243439822360224,39.0,67.2
2025-07-04 00:22:00+00:00,2.2916867588299987,21.0,67.0
2025-07-04 00:32:00+00:00,2.303433705352716,797.8,449.2
2025-07-04 00:42:00+00:00,2.2783418194286775,12.0,10.8
2025-07-04 00:52:00+00:00,2.286633016247804,60.0,57.6
2025-07-04 01:02:00+00:00,2.3147997920288597,780.0,553.4
2025-07-04 01:12:00+00:00,2.289873200676448,24.0,52.8
2025-07-04 01:22:00+00:00,2.3037751221149065,815.8,501.4
2025-07-04 01:32:00+00:00,2.3106832354909406,12.0,28.6
2025-07-04 01:42:00+00:00,2.3239697778525157,36.0,53.4
2025-07-04 01:52:00+00:00,2.291274578412294,755.8,396.2
2025-07-04 02:02:00+00:00,2.3209091407125477,107.2,170.4
2025-07-04 02:12:00+00:00,2.3049897016816763,67.0,114.6
2025-07-04 02:22:00+00:00,2.276791633344144,797.8,425.0
2025-07-04 02:32:00+00:00,2.26669947017557,42.0,70.8
2025-07-04 02:42:00+00:00,2.3005829183953708,18.6,45.6
2025-07-04 02:52:00+00:00,2.2715430955244207,786.0,443.0
2025-07-04 03:02:00+00:00,2.2984635021832154,15.0,43.8
2025-07-04 03:12:00+00:00,2.3314765606975216,837.0,632.0
2025-07-04 03:22:00+00:00,2.3167490196429856,54.0,140.4
2025-07-04 03:32:00+00:00,2.254985852216662,6.0,34.8
2025-07-04 03:42:00+00:00,2.306654664600905,854.2,470.0
2025-07-04 03:52:00+00:00,2.2950080118361575,18.0,10.8
2025-07-04 04:02:00+00:00,2.266636446155908,36.0,36.0
2025-07-04 04:12:00+00:00,2.3217849673124986,791.8,483.8
2025-07-04 04:22:00+00:00,2.3085087561086652,24.0,23.4
2025-07-04 04:32:00+00:00,2.314879127944303,804.0,507.2
2025-07-04 04:42:00+00:00,2.331410259568064,619.9,664.9
2025-07-04 04:52:00+00:00,2.2866693757295686,48.6,76.2
2025-07-04 05:02:00+00:00,2.328870023908758,771.0,429.2
2025-07-04 05:12:00+00:00,2.324215176361546,71.8,217.6
2025-07-04 05:22:00+00:00,2.3100143102898865,36.0,41.8
2025-07-04 05:32:00+00:00,2.298434269844088,779.8,441.8
2025-07-04 05:42:00+00:00,2.2582216007541986,48.0,76.2
2025-07-04 05:52:00+00:00,2.293424754548694,6.0,5.4
2025-07-04 06:02:00+00:00,2.3598861737877077,1234.6,1003.7
2025-07-04 06:12:00+00:00,2.308476362924947,62.6,51.5
2025-07-04 06:22:00+00:00,2.285006305849638,803.8,465.6
2025-07-04 06:32:00+00:00,2.24510082020162,90.2,118.8
2025-07-04 06:42:00+00:00,2.308889970045847,12.0,10.8
2025-07-04 06:52:00+00:00,2.296682536833866,827.8,483.2
2025-07-04 07:02:00+00:00,2.3083281358147505,14.6,10.8
2025-07-04 07:12:00+00:00,2.283342175848231,42.0,41.4
2025-07-04 07:22:00+00:00,2.259841774709797,792.6,454.4
2025-07-04 07:32:00+00:00,2.2680967351124024,18.0,18.0
2025-07-04 07:42:00+00:00,2.3249289433176954,48.0,46.8
2025-07-04 07:52:00+00:00,2.276767444897115,761.8,396.2
2025-07-04 08:02:00+00:00,2.296538666728331,55.4,47.2
2025-07-04 08:12:00+00:00,2.2999838630919447,792.8,469.0
2025-07-04 08:22:00+00:00,2.3167765193693652,267.2,213.9
2025-07-04 08:32:00+00:00,2.2932104876648474,33.0,32.4
2025-07-04 08:42:00+00:00,2.3340502034568846,958.7,560.7
2025-07-04 08:52:00+00:00,2.3198645934321767,368.3,298.1
2025-07-04 09:02:00+00:00,2.2836930671960856,12.0,40.2
2025-07-04 09:12:00+00:00,2.290153632243559,815.8,507.2
2025-07-04 09:22:00+00:00,2.324824495430131,18.0,18.0
2025-07-04 09:32:00+00:00,2.2826048789474904,159.2,132.9
2025-07-04 09:42:00+00:00,2.2956366009409392,1014.8,609.5
2025-07-04 09:52:00+00:00,2.266659733038349,56.4,72.6
2025-07-04 10:02:00+00:00,2.32018553833141,42.0,70.8
2025-07-04 10:12:00+00:00,2.289989952020099,773.8,430.6
2025-07-04 10:22:00+00:00,2.336860228615131,42.0,47.2
2025-07-04 10:32:00+00:00,2.3333437999901117,1111.6,771.1
2025-07-04 10:42:00+00:00,2.2901225785679067,24.0,23.4
2025-07-04 10:52:00+00:00,2.291576709157781,36.0,36.0
2025-07-04 11:02:00+00:00,2.3183232724319565,773.8,436.4
2025-07-04 11:12:00+00:00,2.288308150914598,54.0,140.4
2025-07-04 11:22:00+00:00,2.3149843341007945,25.4,23.4
2025-07-04 11:32:00+00:00,2.3147625876878797,807.4,429.0
2025-07-04 11:42:00+00:00,2.33623523081,49.4,46.8
2025-07-04 11:52:00+00:00,2.3000196863514075,0.0,0.0
2025-07-04 12:02:00+00:00,2.3298611712845356,1229.4,1043.3
2025-07-04 12:12:00+00:00,2.3135748863227574,12.0,40.2
2025-07-04 12:22:00+00:00,2.284484183090913,798.0,437.6
2025-07-04 12:32:00+00:00,2.3152141602768266,68.8,249.2
2025-07-04 12:42:00+00:00,2.3267192370286596,36.0,29.2
2025-07-04 12:52:00+00:00,2.2716665748076155,855.6,561.2
2025-07-04 13:02:00+00:00,2.3118447755665095,0.0,0.0
2025-07-04 13:12:00+00:00,2.313289216752259,36.0,36.0
2025-07-04 13:22:00+00:00,2.2950114369220342,767.8,431.0
2025-07-04 13:32:00+00:00,2.2883425719319925,36.0,36.0
2025-07-04 13:42:00+00:00,2.2999907782581865,39.6,58.8
2025-07-04 13:52:00+00:00,2.251790395694763,796.8,508.4
2025-07-04 14:02:00+00:00,2.246496311573627,36.0,36.0
2025-07-04 14:12:00+00:00,2.311677597248857,25.8,90.0
2025-07-04 14:22:00+00:00,2.3432379523557576,811.0,477.2
2025-07-04 14:32:00+00:00,2.271436900768678,309.6,223.3
2025-07-04 14:42:00+00:00,2.318455683560339,18.0,18.0
2025-07-04 14:52:00+00:00,2.3103737005626703,805.4,432.2
2025-07-04 15:02:00+00:00,2.3269278133414737,0.0,0.0
2025-07-04 15:12:00+00:00,2.3000060387048884,42.0,70.8
2025-07-04 15:22:00+00:00,2.2950167321311987,792.4,575.0
2025-07-04 15:32:00+00:00,2.326693411636221,54.0,81.6
2025-07-04 15:42:00+00:00,2.291666906916731,807.6,439.8
2025-07-04 15:52:00+00:00,2.28382345453821,15.0,43.4
2025-07-04 16:02:00+00:00,3.355339784539571,42.0,41.4
2025-07-04 16:12:00+00:00,2.244997477954326,767.8,431.0
2025-07-04 16:22:00+00:00,2.2432268974037965,42.0,41.4
2025-07-04 16:32:00+00:00,2.213317217388039,24.0,52.8
2025-07-04 16:42:00+00:00,2.251699871177382,786.0,425.0
2025-07-04 16:52:00+00:00,2.2333629750663384,36.0,36.0
2025-07-04 17:02:00+00:00,2.281794240964241,18.0,45.6
2025-07-04 17:12:00+00:00,2.3002740911779247,804.0,437.6
2025-07-04 17:22:00+00:00,2.290101518454164,18.0,45.6
2025-07-04 17:32:00+00:00,2.3202840441411836,48.0,41.4
2025-07-04 17:42:00+00:00,2.3515598037624996,857.8,609.5
2025-07-04 17:52:00+00:00,2.305157560078622,36.0,34.2
2025-07-04 18:02:00+00:00,2.339798256329998,60.0,175.2
2025-07-04 18:12:00+00:00,2.3533302626102914,774.4,441.2
2025-07-04 18:22:00+00:00,2.3382013273088615,89.6,212.4
2025-07-04 18:32:00+00:00,2.3234534885611344,767.8,396.2
2025-07-04 18:42:00+00:00,2.310169094118328,36.0,36.0
2025-07-04 18:52:00+00:00,2.2968947492390046,42.0,41.4
2025-07-04 19:02:00+00:00,2.2683182318839585,773.8,431.0
2025-07-04 19:12:00+00:00,2.3068476330012713,54.0,140.4
2025-07-04 19:22:00+00:00,2.2999939786607255,24.0,139.2
2025-07-04 19:32:00+00:00,2.3249102240094226,805.2,437.6
2025-07-04 19:42:00+00:00,2.324893266742378,44.0,39.6
2025-07-04 19:52:00+00:00,2.310113090236379,24.0,23.4
2025-07-04 20:02:00+00:00,2.3347056272264557,803.8,437.6
2025-07-04 20:12:00+00:00,2.3200070302012987,18.0,104.4
2025-07-04 20:22:00+00:00,2.276676012506222,48.0,46.8
2025-07-04 20:32:00+00:00,2.31485878220108,787.2,550.4
2025-07-04 20:42:00+00:00,2.3317023045398013,36.0,36.0
2025-07-04 20:52:00+00:00,2.333216681924135,786.0,449.0
2025-07-04 21:02:00+00:00,2.3339134380680386,42.0,157.2
2025-07-04 21:12:00+00:00,2.308414182625904,42.0,41.4
2025-07-04 21:22:00+00:00,2.334023462667768,776.5,476.6
2025-07-04 21:32:00+00:00,2.311833429664791,42.0,41.4
2025-07-04 21:42:00+00:00,2.318207576214357,827.8,443.0
2025-07-04 21:52:00+00:00,2.321772191820351,27.0,27.0
2025-07-04 22:02:00+00:00,2.2897745164573196,57.0,201.0
2025-07-04 22:12:00+00:00,2.2917872905597196,806.8,544.0
2025-07-04 22:22:00+00:00,2.2965624192399083,54.0,116.8
2025-07-04 22:32:00+00:00,2.3105657540449727,76.9,48.6
2025-07-04 22:42:00+00:00,2.3117873853184263,854.2,499.4
2025-07-04 22:52:00+00:00,2.310007413033599,48.8,108.6
2025-07-04 23:02:00+00:00,2.2933403082529464,164.6,155.4
2025-07-04 23:12:00+00:00,2.3165114625209546,804.0,467.0
2025-07-04 23:22:00+00:00,2.306426473604849,6.0,34.8
2025-07-04 23:32:00+00:00,2.3166816339522702,54.0,140.4
2025-07-04 23:42:00+00:00,2.341099963489851,826.6,504.4
2025-07-04 23:52:00+00:00,2.2765230619338266,36.0,47.6
2025-07-05 00:02:00+00:00,2.268322203402694,127.0,330.8
2025-07-05 00:12:00+00:00,2.283555434005067,788.8,445.0
2025-07-05 00:22:00+00:00,2.278205730470557,54.0,87.4
2025-07-05 00:32:00+00:00,2.335107494199051,785.8,500.6
2025-07-05 00:42:00+00:00,2.326416753848946,78.0,250.2
2025-07-05 00:52:00+00:00,2.323346481325309,48.6,73.4
2025-07-05 01:02:00+00:00,2.298170061382073,780.0,518.6
2025-07-05 01:12:00+00:00,2.2755725815571592,49.2,84.2
2025-07-05 01:22:00+00:00,2.289376386780572,9.0,9.0
2025-07-05 01:32:00+00:00,2.2952987278685177,791.8,432.2
2025-07-05 01:42:00+00:00,2.291669263529702,20.8,16.2
2025-07-05 01:52:00+00:00,2.2733378993669224,49.2,46.8
2025-07-05 02:02:00+00:00,2.301664338986549,848.4,669.2
2025-07-05 02:12:00+00:00,2.321574700212234,28.8,25.2
2025-07-05 02:22:00+00:00,2.2849989513290834,42.0,41.4
2025-07-05 02:32:00+00:00,2.3283211921998026,749.8,390.8
2025-07-05 02:42:00+00:00,2.3166806286709614,42.0,41.4
2025-07-05 02:52:00+00:00,2.3254214792627166,782.8,405.2
2025-07-05 03:02:00+00:00,2.2858937586470445,61.8,54.0
2025-07-05 03:12:00+00:00,2.3083189250738387,53.4,87.6
2025-07-05 03:22:00+00:00,2.3001094210747484,796.6,495.2
2025-07-05 03:32:00+00:00,2.3135473045740134,60.6,116.4
2025-07-05 03:42:00+00:00,2.3133365368225456,6.0,5.4
2025-07-05 03:52:00+00:00,2.321953716306674,791.8,432.2
2025-07-05 04:02:00+00:00,2.3017857960766843,18.0,18.0
2025-07-05 04:12:00+00:00,2.3469298661440656,77.2,61.2
2025-07-05 04:22:00+00:00,2.288727968054425,803.8,437.6
2025-07-05 04:32:00+00:00,2.3033463237480296,12.0,40.2
2025-07-05 04:42:00+00:00,2.304667564772786,48.6,81.0
2025-07-05 04:52:00+00:00,2.2865569980331912,792.0,447.2
2025-07-05 05:02:00+00:00,2.2969407356509572,42.0,70.8
2025-07-05 05:12:00+00:00,2.336644245875187,820.4,503.6
2025-07-05 05:22:00+00:00,2.293392898068707,39.6,153.6
2025-07-05 05:32:00+00:00,2.331761782338819,36.0,36.0
2025-07-05 05:42:00+00:00,2.30321518952195,774.4,407.0
2025-07-05 05:52:00+00:00,2.3416712253757543,67.8,57.6
2025-07-05 06:02:00+00:00,2.3400229571121978,439.2,580.5
2025-07-05 06:12:00+00:00,2.315114496782924,782.8,452.6
2025-07-05 06:22:00+00:00,2.2831063489024808,79.4,196.0
2025-07-05 06:32:00+00:00,2.2822749124730684,6.0,34.8
2025-07-05 06:42:00+00:00,2.295691852281931,816.4,472.4
2025-07-05 06:52:00+00:00,2.318435664860447,0.0,0.0
2025-07-05 07:02:00+00:00,2.303367694348787,797.8,432.2
2025-07-05 07:12:00+00:00,2.2997941771155794,45.0,61.0
2025-07-05 07:22:00+00:00,2.2903175982823627,15.6,26.0
2025-07-05 07:32:00+00:00,2.273321654294487,844.0,466.6
2025-07-05 07:42:00+00:00,2.290031166845212,201.1,181.2
2025-07-05 07:52:00+00:00,2.3020753413933157,45.0,45.0
